date,commodity,settle
5/2/2008,C,613.5
5/5/2008,C,594
5/6/2008,C,606.25
5/7/2008,C,613
5/8/2008,C,630.25
5/9/2008,C,629.25
5/12/2008,C,614.75
5/13/2008,C,607.25
5/14/2008,C,596.25
5/15/2008,C,599
5/16/2008,C,591
5/19/2008,C,586.75
5/20/2008,C,589.75
5/21/2008,C,607.25
5/22/2008,C,595.75
5/23/2008,C,599.75
5/27/2008,C,598
5/28/2008,C,592.5
5/29/2008,C,582.25
5/30/2008,C,599.25
6/2/2008,C,615.75
6/3/2008,C,621.25
6/4/2008,C,627.75
6/5/2008,C,656
6/6/2008,C,663.75
6/9/2008,C,670.5
6/10/2008,C,686.75
6/11/2008,C,716.75
6/12/2008,C,722.75
6/13/2008,C,745.75
6/16/2008,C,746.75
6/17/2008,C,756.5
6/18/2008,C,760.25
6/19/2008,C,741.75
6/20/2008,C,735.5
6/23/2008,C,738.75
6/24/2008,C,727
6/25/2008,C,744.5
6/26/2008,C,768.25
6/27/2008,C,767.75
6/30/2008,C,737.75
7/1/2008,C,732.25
7/2/2008,C,761
7/3/2008,C,757.75
7/7/2008,C,727.75
7/8/2008,C,704.5
7/9/2008,C,694.75
7/10/2008,C,686.5
7/11/2008,C,691
7/14/2008,C,663.75
7/15/2008,C,648.25
7/16/2008,C,658.5
7/17/2008,C,631.25
7/18/2008,C,609.5
7/21/2008,C,589.25
7/22/2008,C,573.5
7/23/2008,C,571.5
7/24/2008,C,573
7/25/2008,C,577.25
7/28/2008,C,582
7/29/2008,C,594
7/30/2008,C,601.5
7/31/2008,C,587.5
8/1/2008,C,565
8/4/2008,C,555.5
8/5/2008,C,545
8/6/2008,C,527.75
8/7/2008,C,542
8/8/2008,C,518.25
8/11/2008,C,517
8/12/2008,C,528.5
8/13/2008,C,558.5
8/14/2008,C,577.25
8/15/2008,C,549.5
8/18/2008,C,572.75
8/19/2008,C,584.5
8/20/2008,C,595
8/21/2008,C,617.5
8/22/2008,C,606.5
8/25/2008,C,600
8/26/2008,C,594
8/27/2008,C,596
8/28/2008,C,587.75
8/29/2008,C,585
9/2/2008,C,569.25
9/3/2008,C,562.25
9/4/2008,C,564.5
9/5/2008,C,548.5
9/8/2008,C,549
9/9/2008,C,544.5
9/10/2008,C,536.75
9/11/2008,C,533.25
9/12/2008,C,563.25
9/15/2008,C,562
9/16/2008,C,532.25
9/17/2008,C,554
9/18/2008,C,527.25
9/19/2008,C,542.25
9/22/2008,C,558.5
9/23/2008,C,560.25
9/24/2008,C,563
9/25/2008,C,558.25
9/26/2008,C,543
9/29/2008,C,513
9/30/2008,C,487.5
10/1/2008,C,484
10/2/2008,C,454
10/3/2008,C,454
10/6/2008,C,424
10/7/2008,C,417
10/8/2008,C,427.5
10/9/2008,C,438.25
10/10/2008,C,408.25
10/13/2008,C,411.5
10/14/2008,C,411.25
10/15/2008,C,388
10/16/2008,C,384.5
10/17/2008,C,403
10/20/2008,C,418.5
10/21/2008,C,411
10/22/2008,C,385
10/23/2008,C,390.25
10/24/2008,C,372.75
10/27/2008,C,385.25
10/28/2008,C,390.75
10/29/2008,C,420.75
10/30/2008,C,409.5
10/31/2008,C,401.5
11/3/2008,C,403
11/4/2008,C,430.75
11/5/2008,C,408
11/6/2008,C,395.5
11/7/2008,C,393.5
11/10/2008,C,401.5
11/11/2008,C,391.75
11/12/2008,C,386.25
11/13/2008,C,393.5
11/14/2008,C,397
11/17/2008,C,403
11/18/2008,C,396.5
11/19/2008,C,395.25
11/20/2008,C,380
11/21/2008,C,354.25
11/24/2008,C,371
11/25/2008,C,370.5
11/26/2008,C,371
11/28/2008,C,365.75
12/1/2008,C,348.75
12/2/2008,C,348.25
12/3/2008,C,348.25
12/4/2008,C,334
12/5/2008,C,309.25
12/8/2008,C,330
12/9/2008,C,327.75
12/10/2008,C,342
12/11/2008,C,351.5
12/12/2008,C,373.5
12/15/2008,C,375.25
12/16/2008,C,394
12/17/2008,C,389.5
12/18/2008,C,389.5
12/19/2008,C,380.75
12/22/2008,C,381.75
12/23/2008,C,394.75
12/24/2008,C,398
12/26/2008,C,412.25
12/29/2008,C,393.5
12/30/2008,C,396.25
12/31/2008,C,407
1/2/2009,C,412.25
1/5/2009,C,411.25
1/6/2009,C,427.5
1/7/2009,C,416.5
1/8/2009,C,406.75
1/9/2009,C,410.75
1/12/2009,C,380.75
1/13/2009,C,362.5
1/14/2009,C,366.5
1/15/2009,C,365.25
1/16/2009,C,391
1/20/2009,C,383.5
1/21/2009,C,390.25
1/22/2009,C,387.5
1/23/2009,C,390.5
1/26/2009,C,393.75
1/27/2009,C,377.5
1/28/2009,C,384.5
1/29/2009,C,381.75
1/30/2009,C,379
2/2/2009,C,370.5
2/3/2009,C,372.75
2/4/2009,C,368.75
2/5/2009,C,381.5
2/6/2009,C,387.5
2/9/2009,C,388
2/10/2009,C,387
2/11/2009,C,378.5
2/12/2009,C,376
2/13/2009,C,373.25
2/17/2009,C,359
2/18/2009,C,358
2/19/2009,C,362
2/20/2009,C,359
2/23/2009,C,360.75
2/24/2009,C,363
2/25/2009,C,372.25
2/26/2009,C,370.5
2/27/2009,C,359
3/2/2009,C,350.25
3/3/2009,C,350.5
3/4/2009,C,363.5
3/5/2009,C,358.5
3/6/2009,C,361.5
3/9/2009,C,365.5
3/10/2009,C,375.5
3/11/2009,C,364.5
3/12/2009,C,385.25
3/13/2009,C,388.5
3/16/2009,C,391.5
3/17/2009,C,390.5
3/18/2009,C,388.25
3/19/2009,C,396.5
3/20/2009,C,396.5
3/23/2009,C,395.5
3/24/2009,C,393.75
3/25/2009,C,385.75
3/26/2009,C,390.75
3/27/2009,C,387
3/30/2009,C,386.25
3/31/2009,C,404.75
4/1/2009,C,396
4/2/2009,C,412.75
4/3/2009,C,414.75
4/6/2009,C,415.75
4/7/2009,C,406.5
4/8/2009,C,406.75
4/9/2009,C,399.75
4/13/2009,C,397.25
4/14/2009,C,403.5
4/15/2009,C,394
4/16/2009,C,395.25
4/17/2009,C,385.75
4/20/2009,C,378.75
4/21/2009,C,383
4/22/2009,C,382.5
4/23/2009,C,390
4/24/2009,C,385.75
4/27/2009,C,380.75
4/28/2009,C,383.5
4/29/2009,C,401.25
4/30/2009,C,403.5
5/1/2009,C,413.75
5/4/2009,C,405.5
5/5/2009,C,405.25
5/6/2009,C,407.5
5/7/2009,C,412
5/8/2009,C,421
5/11/2009,C,421.25
5/12/2009,C,427.5
5/13/2009,C,426.5
5/14/2009,C,428.25
5/15/2009,C,417.25
5/18/2009,C,421.5
5/19/2009,C,425.75
5/20/2009,C,426
5/21/2009,C,424
5/22/2009,C,430.25
5/26/2009,C,427.5
5/27/2009,C,426
5/28/2009,C,428.75
5/29/2009,C,436.25
6/1/2009,C,445.75
6/2/2009,C,459.75
6/3/2009,C,442.5
6/4/2009,C,458.25
6/5/2009,C,454
6/8/2009,C,444.75
6/9/2009,C,453.25
6/10/2009,C,444.75
6/11/2009,C,450
6/12/2009,C,434.5
6/15/2009,C,414.75
6/16/2009,C,412.75
6/17/2009,C,416.25
6/18/2009,C,411.75
6/19/2009,C,407.25
6/22/2009,C,393.5
6/23/2009,C,397.25
6/24/2009,C,395
6/25/2009,C,390
6/26/2009,C,391.75
6/29/2009,C,384.5
6/30/2009,C,354.5
7/1/2009,C,356.5
7/2/2009,C,345.75
7/6/2009,C,334.75
7/7/2009,C,325.5
7/8/2009,C,325.25
7/9/2009,C,329.5
7/10/2009,C,328.25
7/13/2009,C,331.75
7/14/2009,C,338.5
7/15/2009,C,329.5
7/16/2009,C,316.75
7/17/2009,C,322.25
7/20/2009,C,323.25
7/21/2009,C,311.5
7/22/2009,C,308
7/23/2009,C,327
7/24/2009,C,316.25
7/27/2009,C,322.25
7/28/2009,C,320.5
7/29/2009,C,320.75
7/30/2009,C,332.25
7/31/2009,C,339.5
8/3/2009,C,358
8/4/2009,C,365.75
8/5/2009,C,357
8/6/2009,C,340.25
8/7/2009,C,326.5
8/10/2009,C,330.5
8/11/2009,C,331
8/12/2009,C,336.25
8/13/2009,C,332
8/14/2009,C,327.75
8/17/2009,C,321.75
8/18/2009,C,322.5
8/19/2009,C,327.5
8/20/2009,C,324
8/21/2009,C,326.25
8/24/2009,C,335.5
8/25/2009,C,326.75
8/26/2009,C,326.25
8/27/2009,C,329.25
8/28/2009,C,329
8/31/2009,C,329.75
9/1/2009,C,319.25
9/2/2009,C,319.25
9/3/2009,C,315.75
9/4/2009,C,306.25
9/8/2009,C,307.5
9/9/2009,C,309.75
9/10/2009,C,315.25
9/11/2009,C,319.75
9/14/2009,C,317.75
9/15/2009,C,346.5
9/16/2009,C,336.25
9/17/2009,C,329
9/18/2009,C,318
9/21/2009,C,316
9/22/2009,C,325.75
9/23/2009,C,330.25
9/24/2009,C,336.5
9/25/2009,C,334
9/28/2009,C,338.75
9/29/2009,C,341
9/30/2009,C,344
10/1/2009,C,340.5
10/2/2009,C,333.5
10/5/2009,C,341.5
10/6/2009,C,358.25
10/7/2009,C,359.75
10/8/2009,C,364
10/9/2009,C,362.25
10/12/2009,C,381.25
10/13/2009,C,381.75
10/14/2009,C,383
10/15/2009,C,373
10/16/2009,C,372
10/19/2009,C,386.25
10/20/2009,C,384.5
10/21/2009,C,398.25
10/22/2009,C,403.5
10/23/2009,C,397.75
10/26/2009,C,378
10/27/2009,C,370.75
10/28/2009,C,369
10/29/2009,C,379.5
10/30/2009,C,366
11/2/2009,C,382.25
11/3/2009,C,403.5
11/4/2009,C,397.5
11/5/2009,C,390.25
11/6/2009,C,381
11/9/2009,C,400.25
11/10/2009,C,409
11/11/2009,C,409.25
11/12/2009,C,405.75
11/13/2009,C,405.75
11/16/2009,C,417.5
11/17/2009,C,417.5
11/18/2009,C,413.75
11/19/2009,C,410.75
11/20/2009,C,407
11/23/2009,C,403.25
11/24/2009,C,392
11/25/2009,C,408
11/27/2009,C,413.5
11/30/2009,C,417.5
12/1/2009,C,414.5
12/2/2009,C,406.5
12/3/2009,C,400.75
12/4/2009,C,388.5
12/7/2009,C,383.75
12/8/2009,C,385
12/9/2009,C,383.5
12/10/2009,C,393
12/11/2009,C,404.5
12/14/2009,C,408.5
12/15/2009,C,407.5
12/16/2009,C,410.25
12/17/2009,C,397
12/18/2009,C,397.75
12/21/2009,C,400
12/22/2009,C,398.75
12/23/2009,C,404.75
12/24/2009,C,408.5
12/28/2009,C,416
12/29/2009,C,417
12/30/2009,C,413.75
12/31/2009,C,414.5
1/4/2010,C,418.5
1/5/2010,C,418.75
1/6/2010,C,421.75
1/7/2010,C,417.5
1/8/2010,C,423
1/11/2010,C,422.5
1/12/2010,C,392.5
1/13/2010,C,384
1/14/2010,C,381
1/15/2010,C,371.5
1/19/2010,C,369.25
1/20/2010,C,368
1/21/2010,C,372
1/22/2010,C,364.75
1/25/2010,C,367.75
1/26/2010,C,362.25
1/27/2010,C,358.25
1/28/2010,C,361.75
1/29/2010,C,356.5
2/1/2010,C,359
2/2/2010,C,376.25
2/3/2010,C,364.5
2/4/2010,C,365.25
2/5/2010,C,363
2/8/2010,C,367.5
2/9/2010,C,370.25
2/10/2010,C,373.25
2/11/2010,C,375
2/12/2010,C,373.25
2/16/2010,C,379
2/17/2010,C,371.75
2/18/2010,C,369
2/19/2010,C,371.75
2/22/2010,C,382.75
2/23/2010,C,378.75
2/24/2010,C,386.25
2/25/2010,C,383.25
2/26/2010,C,389
3/1/2010,C,381.75
3/2/2010,C,381.5
3/3/2010,C,386.75
3/4/2010,C,383
3/5/2010,C,375.5
3/8/2010,C,375
3/9/2010,C,369
3/10/2010,C,365.5
3/11/2010,C,365.25
3/12/2010,C,364.25
3/15/2010,C,363.25
3/16/2010,C,366.75
3/17/2010,C,374
3/18/2010,C,376
3/19/2010,C,374.5
3/22/2010,C,370.75
3/23/2010,C,362.75
3/24/2010,C,365
3/25/2010,C,355
3/26/2010,C,356.25
3/29/2010,C,357
3/30/2010,C,354.5
3/31/2010,C,345
4/1/2010,C,344.5
4/5/2010,C,357.5
4/6/2010,C,358
4/7/2010,C,367.75
4/8/2010,C,359.5
4/9/2010,C,357.25
4/12/2010,C,359.5
4/13/2010,C,363.25
4/14/2010,C,368.5
4/15/2010,C,373.75
4/16/2010,C,374
4/19/2010,C,357.25
4/20/2010,C,365.25
4/21/2010,C,369
4/22/2010,C,371.5
4/23/2010,C,361
4/26/2010,C,359.5
4/27/2010,C,353.75
4/28/2010,C,364
4/29/2010,C,369
4/30/2010,C,375.25
5/3/2010,C,371.5
5/4/2010,C,369
5/5/2010,C,373
5/6/2010,C,371.25
5/7/2010,C,372
5/10/2010,C,370.5
5/11/2010,C,377
5/12/2010,C,378.25
5/13/2010,C,373
5/14/2010,C,363
5/17/2010,C,356
5/18/2010,C,359.75
5/19/2010,C,359.25
5/20/2010,C,362
5/21/2010,C,369
5/24/2010,C,371
5/25/2010,C,364.25
5/26/2010,C,371.5
5/27/2010,C,373.25
5/28/2010,C,359
6/1/2010,C,354
6/2/2010,C,358.75
6/3/2010,C,359.5
6/4/2010,C,349.25
6/7/2010,C,345
6/8/2010,C,346
6/9/2010,C,347
6/10/2010,C,352.5
6/11/2010,C,359
6/14/2010,C,363
6/15/2010,C,363
6/16/2010,C,365.75
6/17/2010,C,367
6/18/2010,C,370
6/21/2010,C,364.25
6/22/2010,C,361
6/23/2010,C,355.5
6/24/2010,C,353.75
6/25/2010,C,349.5
6/28/2010,C,342.25
6/29/2010,C,333.25
6/30/2010,C,362.75
7/1/2010,C,373.25
7/2/2010,C,372.5
7/6/2010,C,368
7/7/2010,C,378.25
7/8/2010,C,385.5
7/9/2010,C,383.5
7/12/2010,C,379.75
7/13/2010,C,375.25
7/14/2010,C,384.25
7/15/2010,C,392.5
7/16/2010,C,394.75
7/19/2010,C,381.5
7/20/2010,C,374
7/21/2010,C,379.75
7/22/2010,C,376.5
7/23/2010,C,371.25
7/26/2010,C,364
7/27/2010,C,362.75
7/28/2010,C,376.25
7/29/2010,C,379.25
7/30/2010,C,392.75
8/2/2010,C,390.5
8/3/2010,C,404
8/4/2010,C,415
8/5/2010,C,418
8/6/2010,C,420
8/9/2010,C,418
8/10/2010,C,409
8/11/2010,C,411
8/12/2010,C,421.75
8/13/2010,C,427.25
8/16/2010,C,422.75
8/17/2010,C,430
8/18/2010,C,433.25
8/19/2010,C,429.25
8/20/2010,C,436.25
8/23/2010,C,432.75
8/24/2010,C,420.5
8/25/2010,C,420
8/26/2010,C,432
8/27/2010,C,436
8/30/2010,C,441.5
8/31/2010,C,439.25
9/1/2010,C,446.75
9/2/2010,C,447.5
9/3/2010,C,464.5
9/7/2010,C,466.25
9/8/2010,C,462.5
9/9/2010,C,470.75
9/10/2010,C,478.25
9/13/2010,C,483.5
9/14/2010,C,495
9/15/2010,C,495.25
9/16/2010,C,496
9/17/2010,C,513.25
9/20/2010,C,508.25
9/21/2010,C,505.25
9/22/2010,C,505
9/23/2010,C,499.25
9/24/2010,C,521.75
9/27/2010,C,512.75
9/28/2010,C,500
9/29/2010,C,505
9/30/2010,C,495.75
10/1/2010,C,465.75
10/4/2010,C,471.5
10/5/2010,C,491
10/6/2010,C,488.5
10/7/2010,C,498.25
10/8/2010,C,528.25
10/11/2010,C,555.75
10/12/2010,C,579
10/13/2010,C,569.25
10/14/2010,C,567.25
10/15/2010,C,563
10/18/2010,C,557.25
10/19/2010,C,546
10/20/2010,C,573.5
10/21/2010,C,564.25
10/22/2010,C,560
10/25/2010,C,568.75
10/26/2010,C,571
10/27/2010,C,577.25
10/28/2010,C,579
10/29/2010,C,582
11/1/2010,C,577.25
11/2/2010,C,589.25
11/3/2010,C,594.5
11/4/2010,C,603.75
11/5/2010,C,601.75
11/8/2010,C,599.25
11/9/2010,C,590.25
11/10/2010,C,581
11/11/2010,C,578
11/12/2010,C,548
11/15/2010,C,569
11/16/2010,C,540
11/17/2010,C,539.25
11/18/2010,C,555.75
11/19/2010,C,534.75
11/22/2010,C,529.25
11/23/2010,C,543
11/24/2010,C,553.75
11/26/2010,C,553
11/29/2010,C,553.25
11/30/2010,C,544
12/1/2010,C,566.25
12/2/2010,C,555.5
12/3/2010,C,573.5
12/6/2010,C,568
12/7/2010,C,561.75
12/8/2010,C,574.5
12/9/2010,C,574.25
12/10/2010,C,574.25
12/13/2010,C,588.5
12/14/2010,C,587.25
12/15/2010,C,584.25
12/16/2010,C,587.5
12/17/2010,C,596.5
12/20/2010,C,599.5
12/21/2010,C,602.25
12/22/2010,C,609
12/23/2010,C,614
12/27/2010,C,615.25
12/28/2010,C,623.25
12/29/2010,C,624
12/30/2010,C,616
12/31/2010,C,629
1/3/2011,C,620.5
1/4/2011,C,608.5
1/5/2011,C,619.25
1/6/2011,C,602
1/7/2011,C,595
1/10/2011,C,607
1/11/2011,C,607
1/12/2011,C,631
1/13/2011,C,642.5
1/14/2011,C,648.75
1/18/2011,C,659.5
1/19/2011,C,641.25
1/20/2011,C,654
1/21/2011,C,657.25
1/24/2011,C,655.25
1/25/2011,C,644
1/26/2011,C,657.75
1/27/2011,C,650.75
1/28/2011,C,644
1/31/2011,C,659.5
2/1/2011,C,666
2/2/2011,C,679.75
2/3/2011,C,673.25
2/4/2011,C,689.25
2/7/2011,C,685.75
2/8/2011,C,684.75
2/9/2011,C,708.75
2/10/2011,C,709.5
2/11/2011,C,717.25
2/14/2011,C,706.5
2/15/2011,C,701
2/16/2011,C,701
2/17/2011,C,723
2/18/2011,C,720.25
2/22/2011,C,690.25
2/23/2011,C,702.25
2/24/2011,C,696.5
2/25/2011,C,722
2/28/2011,C,731
3/1/2011,C,735.5
3/2/2011,C,721.5
3/3/2011,C,736.75
3/4/2011,C,728
3/7/2011,C,717.5
3/8/2011,C,705.5
3/9/2011,C,701
3/10/2011,C,682.75
3/11/2011,C,664.25
3/14/2011,C,666
3/15/2011,C,636
3/16/2011,C,616.5
3/17/2011,C,646.5
3/18/2011,C,683.5
3/21/2011,C,686.5
3/22/2011,C,686.75
3/23/2011,C,681
3/24/2011,C,702.5
3/25/2011,C,689.5
3/28/2011,C,671
3/29/2011,C,671.75
3/30/2011,C,663.25
3/31/2011,C,693.25
4/1/2011,C,736
4/4/2011,C,767.5
4/5/2011,C,773.75
4/6/2011,C,770.5
4/7/2011,C,766.25
4/8/2011,C,774
4/11/2011,C,781.25
4/12/2011,C,757.5
4/13/2011,C,761
4/14/2011,C,761
4/15/2011,C,749.5
4/18/2011,C,759.5
4/19/2011,C,757
4/20/2011,C,740.5
4/21/2011,C,744.5
4/25/2011,C,768.5
4/26/2011,C,772.75
4/27/2011,C,759.25
4/28/2011,C,729.25
4/29/2011,C,756.5
5/2/2011,C,734.5
5/3/2011,C,723.75
5/4/2011,C,729.5
5/5/2011,C,708.75
5/6/2011,C,686.25
5/9/2011,C,707.5
5/10/2011,C,707.25
5/11/2011,C,677.25
5/12/2011,C,680.5
5/13/2011,C,682
5/16/2011,C,697.5
5/17/2011,C,720.25
5/18/2011,C,749.75
5/19/2011,C,748.25
5/20/2011,C,759.5
5/23/2011,C,754
5/24/2011,C,733.25
5/25/2011,C,742.25
5/26/2011,C,745.5
5/27/2011,C,758.5
5/31/2011,C,747.5
6/1/2011,C,758.5
6/2/2011,C,741.5
6/3/2011,C,731
6/6/2011,C,711.5
6/7/2011,C,717
6/8/2011,C,736
6/9/2011,C,754
6/10/2011,C,756
6/13/2011,C,751.75
6/14/2011,C,729
6/15/2011,C,704.75
6/16/2011,C,684.5
6/17/2011,C,687
6/20/2011,C,687.5
6/21/2011,C,702.25
6/22/2011,C,672.25
6/23/2011,C,668
6/24/2011,C,657
6/27/2011,C,644.25
6/28/2011,C,670
6/29/2011,C,678
6/30/2011,C,648
7/1/2011,C,606.75
7/5/2011,C,625.5
7/6/2011,C,618.75
7/7/2011,C,625
7/8/2011,C,642.25
7/11/2011,C,643
7/12/2011,C,664
7/13/2011,C,686.75
7/14/2011,C,690.75
7/15/2011,C,701.25
7/18/2011,C,696.25
7/19/2011,C,698
7/20/2011,C,688
7/21/2011,C,679.25
7/22/2011,C,690
7/25/2011,C,678.75
7/26/2011,C,689.75
7/27/2011,C,691.5
7/28/2011,C,682.25
7/29/2011,C,665.5
8/1/2011,C,681.25
8/2/2011,C,715.75
8/3/2011,C,713
8/4/2011,C,701.5
8/5/2011,C,703
8/8/2011,C,686
8/9/2011,C,688.5
8/10/2011,C,688.5
8/11/2011,C,714
8/12/2011,C,714.5
8/15/2011,C,720
8/16/2011,C,727.5
8/17/2011,C,725.5
8/18/2011,C,713
8/19/2011,C,725.25
8/22/2011,C,734.5
8/23/2011,C,743.5
8/24/2011,C,743
8/25/2011,C,743.5
8/26/2011,C,767
8/29/2011,C,770
8/30/2011,C,775.25
8/31/2011,C,767.5
9/1/2011,C,738.5
9/2/2011,C,760
9/6/2011,C,755.75
9/7/2011,C,748
9/8/2011,C,734
9/9/2011,C,736.5
9/12/2011,C,745.5
9/13/2011,C,723
9/14/2011,C,724.25
9/15/2011,C,701
9/16/2011,C,692
9/19/2011,C,692.25
9/20/2011,C,690.25
9/21/2011,C,685.75
9/22/2011,C,650
9/23/2011,C,638.5
9/26/2011,C,648
9/27/2011,C,652.25
9/28/2011,C,630.75
9/29/2011,C,632.5
9/30/2011,C,592.5
10/3/2011,C,592.5
10/4/2011,C,587.75
10/5/2011,C,605.5
10/6/2011,C,605.5
10/7/2011,C,600
10/10/2011,C,605
10/11/2011,C,645
10/12/2011,C,640.75
10/13/2011,C,638.25
10/14/2011,C,640
10/17/2011,C,640.5
10/18/2011,C,644
10/19/2011,C,638.5
10/20/2011,C,649.5
10/21/2011,C,649.25
10/24/2011,C,651
10/25/2011,C,650.75
10/26/2011,C,637.25
10/27/2011,C,651.5
10/28/2011,C,655
10/31/2011,C,647
11/1/2011,C,654.25
11/2/2011,C,656
11/3/2011,C,663.75
11/4/2011,C,666.25
11/7/2011,C,665.25
11/8/2011,C,671
11/9/2011,C,665
11/10/2011,C,654.75
11/11/2011,C,647.75
11/14/2011,C,643.25
11/15/2011,C,654.75
11/16/2011,C,652
11/17/2011,C,623.25
11/18/2011,C,618
11/21/2011,C,605
11/22/2011,C,605.75
11/23/2011,C,595.5
11/25/2011,C,590
11/28/2011,C,598.5
11/29/2011,C,605.5
11/30/2011,C,608
12/1/2011,C,601.5
12/2/2011,C,595.25
12/5/2011,C,591
12/6/2011,C,596.5
12/7/2011,C,592.75
12/8/2011,C,600.25
12/9/2011,C,594.25
12/12/2011,C,594
12/13/2011,C,594.5
12/14/2011,C,580.75
12/15/2011,C,579
12/16/2011,C,583
12/19/2011,C,601
12/20/2011,C,607
12/21/2011,C,616.5
12/22/2011,C,617.5
12/23/2011,C,619.5
12/27/2011,C,633.25
12/28/2011,C,642.5
12/29/2011,C,638
12/30/2011,C,646.5
1/3/2012,C,658.5
1/4/2012,C,658.5
1/5/2012,C,643.5
1/6/2012,C,643.5
1/9/2012,C,652
1/10/2012,C,652
1/11/2012,C,651.5
1/12/2012,C,611.5
1/13/2012,C,599.5
1/17/2012,C,604
1/18/2012,C,593.5
1/19/2012,C,606
1/20/2012,C,611.5
1/23/2012,C,620
1/24/2012,C,630.25
1/25/2012,C,634.5
1/26/2012,C,634.5
1/27/2012,C,641.75
1/30/2012,C,631.75
1/31/2012,C,639
2/1/2012,C,642
2/2/2012,C,649.5
2/3/2012,C,650.75
2/6/2012,C,651.25
2/7/2012,C,648.5
2/8/2012,C,648
2/9/2012,C,641.5
2/10/2012,C,635.5
2/13/2012,C,643
2/14/2012,C,638
2/15/2012,C,631
2/16/2012,C,639.75
2/17/2012,C,645.25
2/21/2012,C,633.5
2/22/2012,C,641.25
2/23/2012,C,642.5
2/24/2012,C,644
2/27/2012,C,648.5
2/28/2012,C,657.25
2/29/2012,C,658
3/1/2012,C,654
3/2/2012,C,655
3/5/2012,C,660.75
3/6/2012,C,654
3/7/2012,C,638.75
3/8/2012,C,635.5
3/9/2012,C,645
3/12/2012,C,659.5
3/13/2012,C,662
3/14/2012,C,658.75
3/15/2012,C,669
3/16/2012,C,673
3/19/2012,C,663.5
3/20/2012,C,647.5
3/21/2012,C,642
3/22/2012,C,644.5
3/23/2012,C,646.5
3/26/2012,C,637.75
3/27/2012,C,630.75
3/28/2012,C,620.25
3/29/2012,C,604
3/30/2012,C,644
4/2/2012,C,655
4/3/2012,C,653
4/4/2012,C,650.75
4/5/2012,C,652.25
4/9/2012,C,641.25
4/10/2012,C,625.75
4/11/2012,C,627
4/12/2012,C,629
4/13/2012,C,620.75
4/16/2012,C,613.25
4/17/2012,C,607.25
4/18/2012,C,594
4/19/2012,C,612
4/20/2012,C,603
4/23/2012,C,612.5
4/24/2012,C,608
4/25/2012,C,601
4/26/2012,C,607.5
4/27/2012,C,625.5
4/30/2012,C,634.25
5/1/2012,C,629
5/2/2012,C,611.5
5/3/2012,C,614.5
5/4/2012,C,620.25
5/7/2012,C,620
5/8/2012,C,623
5/9/2012,C,607.25
5/10/2012,C,587.5
5/11/2012,C,581
5/14/2012,C,583
5/15/2012,C,597.25
5/16/2012,C,620
5/17/2012,C,625
5/18/2012,C,635.5
5/21/2012,C,633
5/22/2012,C,597
5/23/2012,C,603.5
5/24/2012,C,578.5
5/25/2012,C,578.5
5/29/2012,C,562.5
5/30/2012,C,559.5
5/31/2012,C,555.25
6/1/2012,C,551.5
6/4/2012,C,527.5
6/5/2012,C,516
6/6/2012,C,527.5
6/7/2012,C,543
6/8/2012,C,551
6/11/2012,C,540.5
6/12/2012,C,526.5
6/13/2012,C,515
6/14/2012,C,520.75
6/15/2012,C,509.5
6/18/2012,C,537
6/19/2012,C,567.5
6/20/2012,C,568.75
6/21/2012,C,550.25
6/22/2012,C,551.25
6/25/2012,C,591.25
6/26/2012,C,619.5
6/27/2012,C,627.5
6/28/2012,C,626.25
6/29/2012,C,628.5
7/2/2012,C,652.25
7/3/2012,C,674
7/5/2012,C,708.75
7/6/2012,C,695.25
7/9/2012,C,732
7/10/2012,C,718.5
7/11/2012,C,704
7/12/2012,C,731.25
7/13/2012,C,740.5
7/16/2012,C,776.75
7/17/2012,C,779.5
7/18/2012,C,795
7/19/2012,C,807.75
7/20/2012,C,824.5
7/23/2012,C,814
7/24/2012,C,790
7/25/2012,C,794.5
7/26/2012,C,781.25
7/27/2012,C,798.5
7/30/2012,C,820
7/31/2012,C,806.5
8/1/2012,C,800.5
8/2/2012,C,795.75
8/3/2012,C,807.5
8/6/2012,C,805
8/7/2012,C,800.5
8/8/2012,C,816.5
8/9/2012,C,823.75
8/10/2012,C,809.25
8/13/2012,C,792.25
8/14/2012,C,789
8/15/2012,C,804
8/16/2012,C,807.5
8/17/2012,C,807.25
8/20/2012,C,823.75
8/21/2012,C,838.75
8/22/2012,C,834.75
8/23/2012,C,814.75
8/24/2012,C,808.5
8/27/2012,C,800.75
8/28/2012,C,795.5
8/29/2012,C,813.5
8/30/2012,C,808.5
8/31/2012,C,799.75
9/4/2012,C,805
9/5/2012,C,790.75
9/6/2012,C,798.5
9/7/2012,C,799.5
9/10/2012,C,783.25
9/11/2012,C,777.75
9/12/2012,C,769.5
9/13/2012,C,773.75
9/14/2012,C,782
9/17/2012,C,748
9/18/2012,C,740
9/19/2012,C,756.5
9/20/2012,C,746
9/21/2012,C,748.25
9/24/2012,C,744.75
9/25/2012,C,743.75
9/26/2012,C,724.75
9/27/2012,C,716.25
9/28/2012,C,756.25
10/1/2012,C,756.75
10/2/2012,C,758.25
10/3/2012,C,756.75
10/4/2012,C,757
10/5/2012,C,748
10/8/2012,C,742
10/9/2012,C,742
10/10/2012,C,736.75
10/11/2012,C,773.25
10/12/2012,C,752.75
10/15/2012,C,737.25
10/16/2012,C,738.25
10/17/2012,C,745.5
10/18/2012,C,760.75
10/19/2012,C,761.5
10/22/2012,C,761.25
10/23/2012,C,756
10/24/2012,C,754.5
10/25/2012,C,742
10/26/2012,C,737.75
10/29/2012,C,737
10/30/2012,C,741.75
10/31/2012,C,755.75
11/1/2012,C,751
11/2/2012,C,742.5
11/5/2012,C,738
11/6/2012,C,743
11/7/2012,C,746
11/8/2012,C,743.25
11/9/2012,C,742
11/12/2012,C,722.25
11/13/2012,C,726.25
11/14/2012,C,729.25
11/15/2012,C,725
11/16/2012,C,731
11/19/2012,C,742.5
11/20/2012,C,747.25
11/21/2012,C,745.25
11/23/2012,C,749.75
11/26/2012,C,751.25
11/27/2012,C,764
11/28/2012,C,764
11/29/2012,C,758.75
11/30/2012,C,752.75
12/3/2012,C,754.75
12/4/2012,C,752
12/5/2012,C,757.75
12/6/2012,C,751.5
12/7/2012,C,737.25
12/10/2012,C,730
12/11/2012,C,728
12/12/2012,C,725.5
12/13/2012,C,720.25
12/14/2012,C,730.75
12/17/2012,C,724
12/18/2012,C,720
12/19/2012,C,703
12/20/2012,C,696.5
12/21/2012,C,702
12/24/2012,C,704.25
12/26/2012,C,693.25
12/27/2012,C,691.5
12/28/2012,C,694
12/31/2012,C,698.25
1/2/2013,C,690.75
1/3/2013,C,689.25
1/4/2013,C,680.25
1/7/2013,C,685.5
1/8/2013,C,688.75
1/9/2013,C,694.25
1/10/2013,C,698.75
1/11/2013,C,708.75
1/14/2013,C,724
1/15/2013,C,730.5
1/16/2013,C,731.25
1/17/2013,C,724.5
1/18/2013,C,727.5
1/22/2013,C,728.5
1/23/2013,C,720.75
1/24/2013,C,724.25
1/25/2013,C,720.75
1/28/2013,C,729.25
1/29/2013,C,729.5
1/30/2013,C,740.25
1/31/2013,C,740.5
2/1/2013,C,736
2/4/2013,C,736.25
2/5/2013,C,730.75
2/6/2013,C,724
2/7/2013,C,712
2/8/2013,C,708.75
2/11/2013,C,701.5
2/12/2013,C,695.5
2/13/2013,C,693.5
2/14/2013,C,692.75
2/15/2013,C,697
2/19/2013,C,692
2/20/2013,C,696.25
2/21/2013,C,685.5
2/22/2013,C,684.25
2/25/2013,C,685.5
2/26/2013,C,694.75
2/27/2013,C,695.25
2/28/2013,C,703.5
3/1/2013,C,708.5
3/4/2013,C,703.25
3/5/2013,C,709
3/6/2013,C,688.5
3/7/2013,C,691.25
3/8/2013,C,703.5
3/11/2013,C,711.25
3/12/2013,C,714.25
3/13/2013,C,710.25
3/14/2013,C,716.5
3/15/2013,C,717
3/18/2013,C,720
3/19/2013,C,728.5
3/20/2013,C,732.5
3/21/2013,C,733
3/22/2013,C,726.25
3/25/2013,C,733.25
3/26/2013,C,730.25
3/27/2013,C,735.25
3/28/2013,C,695.25
4/1/2013,C,642.25
4/2/2013,C,627.25
4/3/2013,C,630.25
4/4/2013,C,618.5
4/5/2013,C,617.75
4/8/2013,C,619.5
4/9/2013,C,627.5
4/10/2013,C,632.5
4/11/2013,C,633.5
4/12/2013,C,641.25
4/15/2013,C,628
4/16/2013,C,640.75
4/17/2013,C,641.25
4/18/2013,C,629.75
4/19/2013,C,633
4/22/2013,C,623.5
4/23/2013,C,614
4/24/2013,C,618.25
4/25/2013,C,624.5
4/26/2013,C,619.75
4/29/2013,C,659.75
4/30/2013,C,650
5/1/2013,C,646.75
5/2/2013,C,662
5/3/2013,C,661.25
5/6/2013,C,636.5
5/7/2013,C,640
5/8/2013,C,633
5/9/2013,C,648.75
5/10/2013,C,636.25
5/13/2013,C,655.5
5/14/2013,C,652.5
5/15/2013,C,650.75
5/16/2013,C,641.5
5/17/2013,C,652.75
5/20/2013,C,649.5
5/21/2013,C,640
5/22/2013,C,658.5
5/23/2013,C,662
5/24/2013,C,657.25
5/28/2013,C,666.5
5/29/2013,C,665
5/30/2013,C,654.25
5/31/2013,C,662
6/3/2013,C,655.75
6/4/2013,C,583.75
6/5/2013,C,571
6/6/2013,C,578
6/7/2013,C,591.5
6/10/2013,C,577.25
6/11/2013,C,583.5
6/12/2013,C,575
6/13/2013,C,570.5
6/14/2013,C,571.75
6/17/2013,C,578.75
6/18/2013,C,589
6/19/2013,C,610
6/20/2013,C,598.25
6/21/2013,C,592
6/24/2013,C,579
6/25/2013,C,576.5
6/26/2013,C,574
6/27/2013,C,572.25
6/28/2013,C,547.25
7/1/2013,C,531.5
7/2/2013,C,533
7/3/2013,C,532.25
7/5/2013,C,525.75
7/8/2013,C,533.25
7/9/2013,C,551.75
7/10/2013,C,553.75
7/11/2013,C,560.75
7/12/2013,C,545.5
7/15/2013,C,536.25
7/16/2013,C,545.25
7/17/2013,C,538.5
7/18/2013,C,541
7/19/2013,C,544
7/22/2013,C,540.75
7/23/2013,C,522.5
7/24/2013,C,508.25
7/25/2013,C,496
7/26/2013,C,492
7/29/2013,C,489.25
7/30/2013,C,495.5
7/31/2013,C,499
8/1/2013,C,487.5
8/2/2013,C,463.75
8/5/2013,C,460.5
8/6/2013,C,459.25
8/7/2013,C,458.25
8/8/2013,C,459.75
8/9/2013,C,453.25
8/12/2013,C,464
8/13/2013,C,447.25
8/14/2013,C,455.25
8/15/2013,C,472.25
8/16/2013,C,463.5
8/19/2013,C,485.5
8/20/2013,C,475.5
8/21/2013,C,483.25
8/22/2013,C,464.5
8/23/2013,C,470
8/26/2013,C,500.5
8/27/2013,C,486.25
8/28/2013,C,480.75
8/29/2013,C,481.5
8/30/2013,C,482
9/3/2013,C,475.25
9/4/2013,C,469.5
9/5/2013,C,461
9/6/2013,C,468.25
9/9/2013,C,463.5
9/10/2013,C,469
9/11/2013,C,472.5
9/12/2013,C,466.25
9/13/2013,C,459
9/16/2013,C,456.5
9/17/2013,C,454
9/18/2013,C,456.25
9/19/2013,C,459.5
9/20/2013,C,451
9/23/2013,C,453.25
9/24/2013,C,448.75
9/25/2013,C,454.75
9/26/2013,C,456.75
9/27/2013,C,454
9/30/2013,C,441.5
10/1/2013,C,439
10/2/2013,C,439
10/3/2013,C,439.25
10/4/2013,C,443.25
10/7/2013,C,449.25
10/8/2013,C,441.75
10/9/2013,C,443.5
10/10/2013,C,438.25
10/11/2013,C,433.25
10/14/2013,C,437
10/15/2013,C,443.5
10/16/2013,C,442.75
10/17/2013,C,443
10/18/2013,C,441.5
10/21/2013,C,444
10/22/2013,C,438.25
10/23/2013,C,442.75
10/24/2013,C,440.25
10/25/2013,C,440
10/28/2013,C,430.75
10/29/2013,C,432
10/30/2013,C,430.25
10/31/2013,C,428.25
11/1/2013,C,427.25
11/4/2013,C,437
11/5/2013,C,435.5
11/6/2013,C,431.5
11/7/2013,C,431.5
11/8/2013,C,438.5
11/11/2013,C,446.5
11/12/2013,C,444
11/13/2013,C,440.25
11/14/2013,C,436.5
11/15/2013,C,430.5
11/18/2013,C,421
11/19/2013,C,426.25
11/20/2013,C,425.25
11/21/2013,C,429.5
11/22/2013,C,429.25
11/25/2013,C,431.25
11/26/2013,C,424.75
11/27/2013,C,426.5
11/29/2013,C,424.5
12/2/2013,C,424.5
12/3/2013,C,431.25
12/4/2013,C,436.5
12/5/2013,C,433.5
12/6/2013,C,434.25
12/9/2013,C,438
12/10/2013,C,436
12/11/2013,C,439.25
12/12/2013,C,434.25
12/13/2013,C,425.5
12/16/2013,C,423.25
12/17/2013,C,426.75
12/18/2013,C,425
12/19/2013,C,430.5
12/20/2013,C,433.25
12/23/2013,C,434.25
12/24/2013,C,434.5
12/26/2013,C,426.25
12/27/2013,C,427.5
12/30/2013,C,423.5
12/31/2013,C,422
1/2/2014,C,420.5
1/3/2014,C,423.5
1/6/2014,C,427.75
1/7/2014,C,426
1/8/2014,C,417
1/9/2014,C,412
1/10/2014,C,432.75
1/13/2014,C,434.5
1/14/2014,C,431.5
1/15/2014,C,425.75
1/16/2014,C,428
1/17/2014,C,424
1/21/2014,C,425
1/22/2014,C,426.25
1/23/2014,C,429
1/24/2014,C,429.5
1/27/2014,C,431.75
1/28/2014,C,432
1/29/2014,C,427.5
1/30/2014,C,433.5
1/31/2014,C,434
2/3/2014,C,435.75
2/4/2014,C,447.75
2/5/2014,C,447.5
2/6/2014,C,448.5
2/7/2014,C,450
2/10/2014,C,448.75
2/11/2014,C,447.25
2/12/2014,C,446
2/13/2014,C,446.5
2/14/2014,C,450.75
2/18/2014,C,455.5
2/19/2014,C,460.25
2/20/2014,C,462.25
2/21/2014,C,459
2/24/2014,C,457.75
2/25/2014,C,461.25
2/26/2014,C,461
2/27/2014,C,454.5
2/28/2014,C,463.5
3/3/2014,C,470.5
3/4/2014,C,484.25
3/5/2014,C,482
3/6/2014,C,491
3/7/2014,C,489
3/10/2014,C,478.25
3/11/2014,C,483.25
3/12/2014,C,488.5
3/13/2014,C,485
3/14/2014,C,486
3/17/2014,C,479
3/18/2014,C,486.25
3/19/2014,C,487.75
3/20/2014,C,478.5
3/21/2014,C,479
3/24/2014,C,490
3/25/2014,C,486.5
3/26/2014,C,484.5
3/27/2014,C,492
3/28/2014,C,492
3/31/2014,C,502
4/1/2014,C,507.5
4/2/2014,C,501
4/3/2014,C,505.25
4/4/2014,C,507.5
4/7/2014,C,505.25
4/8/2014,C,513
4/9/2014,C,508
4/10/2014,C,507.25
4/11/2014,C,504.5
4/14/2014,C,509.25
4/15/2014,C,509.75
4/16/2014,C,503.5
4/17/2014,C,500.5
4/21/2014,C,493.75
4/22/2014,C,502
4/23/2014,C,509.5
4/24/2014,C,507.25
4/25/2014,C,512.75
4/28/2014,C,513.75
4/29/2014,C,521.5
4/30/2014,C,519
5/1/2014,C,507
5/2/2014,C,499.5
5/5/2014,C,508
5/6/2014,C,517.5
5/7/2014,C,514
5/8/2014,C,516.5
5/9/2014,C,507.5
5/12/2014,C,499.5
5/13/2014,C,502.75
5/14/2014,C,495.5
5/15/2014,C,484.25
5/16/2014,C,483.5
5/19/2014,C,477.25
5/20/2014,C,473.5
5/21/2014,C,474.5
5/22/2014,C,476.75
5/23/2014,C,478
5/27/2014,C,469.75
5/28/2014,C,472.5
5/29/2014,C,469.5
5/30/2014,C,465.75
6/2/2014,C,465.5
6/3/2014,C,454
6/4/2014,C,452.25
6/5/2014,C,444.25
6/6/2014,C,456.25
6/9/2014,C,447.5
6/10/2014,C,441.25
6/11/2014,C,437.5
6/12/2014,C,440
6/13/2014,C,443
6/16/2014,C,436.75
6/17/2014,C,434
6/18/2014,C,435.5
6/19/2014,C,444.25
6/20/2014,C,448.25
6/23/2014,C,439
6/24/2014,C,436.75
6/25/2014,C,435.75
6/26/2014,C,439
6/27/2014,C,442.25
6/30/2014,C,418.75
7/1/2014,C,416
7/2/2014,C,412.25
7/3/2014,C,409.5
7/7/2014,C,400.5
7/8/2014,C,398.25
7/9/2014,C,391.25
7/10/2014,C,386.25
7/11/2014,C,378.25
7/14/2014,C,381.5
7/15/2014,C,374
7/16/2014,C,378.25
7/17/2014,C,379.5
7/18/2014,C,371.25
7/21/2014,C,364
7/22/2014,C,360.25
7/23/2014,C,362.5
7/24/2014,C,361.5
7/25/2014,C,363
7/28/2014,C,367.75
7/29/2014,C,361.5
7/30/2014,C,361.75
7/31/2014,C,357
8/1/2014,C,352.5
8/4/2014,C,369.25
8/5/2014,C,367.25
8/6/2014,C,374.25
8/7/2014,C,371.25
8/8/2014,C,363.5
8/11/2014,C,368.25
8/12/2014,C,369
8/13/2014,C,369.75
8/14/2014,C,373.5
8/15/2014,C,377
8/18/2014,C,371.5
8/19/2014,C,372.25
8/20/2014,C,367.5
8/21/2014,C,369
8/22/2014,C,371.5
8/25/2014,C,367.5
8/26/2014,C,365
8/27/2014,C,365
8/28/2014,C,369.25
8/29/2014,C,364.75
9/2/2014,C,363.75
9/3/2014,C,352
9/4/2014,C,346.5
9/5/2014,C,356
9/8/2014,C,348.25
9/9/2014,C,344.25
9/10/2014,C,345.75
9/11/2014,C,341
9/12/2014,C,338.5
9/15/2014,C,343
9/16/2014,C,343.75
9/17/2014,C,341.75
9/18/2014,C,338.25
9/19/2014,C,331.5
9/22/2014,C,330.25
9/23/2014,C,325.5
9/24/2014,C,329.5
9/25/2014,C,326
9/26/2014,C,323
9/29/2014,C,325.75
9/30/2014,C,320.75
10/1/2014,C,321.25
10/2/2014,C,322.75
10/3/2014,C,323.25
10/6/2014,C,332.5
10/7/2014,C,340.5
10/8/2014,C,343.25
10/9/2014,C,344.75
10/10/2014,C,334
10/13/2014,C,346
10/14/2014,C,357
10/15/2014,C,347.5
10/16/2014,C,352.25
10/17/2014,C,348
10/20/2014,C,348.25
10/21/2014,C,356
10/22/2014,C,353
10/23/2014,C,359.75
10/24/2014,C,353
10/27/2014,C,363
10/28/2014,C,364.5
10/29/2014,C,375.25
10/30/2014,C,374
10/31/2014,C,376.75
11/3/2014,C,373.5
11/4/2014,C,377.25
11/5/2014,C,383
11/6/2014,C,384
11/7/2014,C,380.5
11/10/2014,C,382
11/11/2014,C,386.5
11/12/2014,C,390.5
11/13/2014,C,398.75
11/14/2014,C,394.25
11/17/2014,C,390.5
11/18/2014,C,385
11/19/2014,C,376
11/20/2014,C,386.25
11/21/2014,C,385.25
11/24/2014,C,380.25
11/25/2014,C,387.25
11/26/2014,C,391.5
11/28/2014,C,388.75
12/1/2014,C,389.75
12/2/2014,C,381.25
12/3/2014,C,382
12/4/2014,C,389.75
12/5/2014,C,395
12/8/2014,C,390.25
12/9/2014,C,395.25
12/10/2014,C,393.75
12/11/2014,C,398.5
12/12/2014,C,407.5
12/15/2014,C,408.5
12/16/2014,C,406
12/17/2014,C,408.25
12/18/2014,C,411
12/19/2014,C,410.5
12/22/2014,C,411.75
12/23/2014,C,414
12/24/2014,C,407.75
12/26/2014,C,414.75
12/29/2014,C,412.75
12/30/2014,C,406.5
12/31/2014,C,397
1/2/2015,C,395.75
1/5/2015,C,406
1/6/2015,C,405
1/7/2015,C,396.25
1/8/2015,C,394.25
1/9/2015,C,400.25
1/12/2015,C,402
1/13/2015,C,385.75
1/14/2015,C,381
1/15/2015,C,380
1/16/2015,C,387
1/20/2015,C,390.25
1/21/2015,C,388
1/22/2015,C,383.75
1/23/2015,C,386.75
1/26/2015,C,384
1/27/2015,C,381.25
1/28/2015,C,373.25
1/29/2015,C,371.5
1/30/2015,C,370
2/2/2015,C,369.75
2/3/2015,C,393.75
2/4/2015,C,391.5
2/5/2015,C,393.25
2/6/2015,C,394
2/9/2015,C,399.5
2/10/2015,C,396.25
2/11/2015,C,393.75
2/12/2015,C,391
2/13/2015,C,395.25
2/17/2015,C,397.75
2/18/2015,C,392
2/19/2015,C,397.75
2/20/2015,C,393
2/23/2015,C,386.75
2/24/2015,C,385.5
2/25/2015,C,383.75
2/26/2015,C,388.5
2/27/2015,C,393.25
3/2/2015,C,388
3/3/2015,C,391
3/4/2015,C,389.5
3/5/2015,C,390.5
3/6/2015,C,386
3/9/2015,C,388.75
3/10/2015,C,388
3/11/2015,C,391
3/12/2015,C,388.5
3/13/2015,C,380.5
3/16/2015,C,379
3/17/2015,C,371
3/18/2015,C,374.75
3/19/2015,C,373.5
3/20/2015,C,385
3/23/2015,C,390.25
3/24/2015,C,393.25
3/25/2015,C,395
3/26/2015,C,391.25
3/27/2015,C,391
3/30/2015,C,394.5
3/31/2015,C,376.25
4/1/2015,C,381.75
4/2/2015,C,394.5
4/6/2015,C,393
4/7/2015,C,391
4/8/2015,C,387.25
4/9/2015,C,385.75
4/10/2015,C,384.75
4/13/2015,C,378
4/14/2015,C,381
4/15/2015,C,383
4/16/2015,C,383.25
4/17/2015,C,386.75
4/20/2015,C,384.75
4/21/2015,C,380
4/22/2015,C,379.5
4/23/2015,C,376.75
4/24/2015,C,369.75
4/27/2015,C,364.75
4/28/2015,C,364.5
4/29/2015,C,367.75
4/30/2015,C,366.25
5/1/2015,C,363
5/4/2015,C,361.25
5/5/2015,C,362.75
5/6/2015,C,366.75
5/7/2015,C,361.5
5/8/2015,C,363
5/11/2015,C,360.5
5/12/2015,C,361
5/13/2015,C,362.25
5/14/2015,C,368
5/15/2015,C,365.5
5/18/2015,C,368
5/19/2015,C,362
5/20/2015,C,360
5/21/2015,C,365
5/22/2015,C,360
5/26/2015,C,355
5/27/2015,C,349.5
5/28/2015,C,353.5
5/29/2015,C,351.5
6/1/2015,C,352.25
6/2/2015,C,365.25
6/3/2015,C,365.75
6/4/2015,C,370.25
6/5/2015,C,367.5
6/8/2015,C,372.75
6/9/2015,C,372.5
6/10/2015,C,364.25
6/11/2015,C,363
6/12/2015,C,358.75
6/15/2015,C,352.75
6/16/2015,C,359.75
6/17/2015,C,365.25
6/18/2015,C,363.5
6/19/2015,C,358.75
6/22/2015,C,364.25
6/23/2015,C,372
6/24/2015,C,371.5
6/25/2015,C,382.75
6/26/2015,C,392.5
6/29/2015,C,392
6/30/2015,C,422
7/1/2015,C,422.5
7/2/2015,C,428.5
7/6/2015,C,426.5
7/7/2015,C,423.25
7/8/2015,C,424.5
7/9/2015,C,428.75
7/10/2015,C,434.75
7/13/2015,C,440.75
7/14/2015,C,428.25
7/15/2015,C,429.5
7/16/2015,C,430
7/17/2015,C,420.25
7/20/2015,C,405
7/21/2015,C,406.5
7/22/2015,C,402.75
7/23/2015,C,403.25
7/24/2015,C,392.5
7/27/2015,C,373
7/28/2015,C,375
7/29/2015,C,367.75
7/30/2015,C,373.25
7/31/2015,C,371
8/3/2015,C,366.5
8/4/2015,C,378.75
8/5/2015,C,383.25
8/6/2015,C,380.5
8/7/2015,C,383.75
8/10/2015,C,401
8/11/2015,C,387.5
8/12/2015,C,368
8/13/2015,C,375.25
8/14/2015,C,375.5
8/17/2015,C,374.5
8/18/2015,C,377.25
8/19/2015,C,378.5
8/20/2015,C,382.5
8/21/2015,C,377.25
8/24/2015,C,380.5
8/25/2015,C,377
8/26/2015,C,373.25
8/27/2015,C,375
8/28/2015,C,375
8/31/2015,C,375.25
9/1/2015,C,369
9/2/2015,C,367.5
9/3/2015,C,361.5
9/4/2015,C,363
9/8/2015,C,368.25
9/9/2015,C,369
9/10/2015,C,374.25
9/11/2015,C,387
9/14/2015,C,393.5
9/15/2015,C,390.5
9/16/2015,C,386
9/17/2015,C,379.75
9/18/2015,C,377.25
9/21/2015,C,384.5
9/22/2015,C,380.5
9/23/2015,C,383.25
9/24/2015,C,381.5
9/25/2015,C,389
9/28/2015,C,386.75
9/29/2015,C,389
9/30/2015,C,387.75
10/1/2015,C,388.75
10/2/2015,C,389.25
10/5/2015,C,393.5
10/6/2015,C,398.25
10/7/2015,C,395.75
10/8/2015,C,391.25
10/9/2015,C,382.75
10/12/2015,C,380.75
10/13/2015,C,384.5
10/14/2015,C,379
10/15/2015,C,375.5
10/16/2015,C,376.75
10/19/2015,C,373
10/20/2015,C,376.75
10/21/2015,C,380.75
10/22/2015,C,378.25
10/23/2015,C,379.75
10/26/2015,C,384.5
10/27/2015,C,380
10/28/2015,C,376
10/29/2015,C,380
10/30/2015,C,382.25
11/2/2015,C,376.5
11/3/2015,C,388.75
11/4/2015,C,388.25
11/5/2015,C,382.75
11/6/2015,C,381.75
11/9/2015,C,376
11/10/2015,C,368
11/11/2015,C,370
11/12/2015,C,369.5
11/13/2015,C,365.5
11/16/2015,C,366.75
11/17/2015,C,368
11/18/2015,C,368.25
11/19/2015,C,370.25
11/20/2015,C,369.75
11/23/2015,C,373
11/24/2015,C,369.5
11/25/2015,C,372.75
11/27/2015,C,367.25
11/30/2015,C,372.25
12/1/2015,C,373.75
12/2/2015,C,370.25
12/3/2015,C,377
12/4/2015,C,381.5
12/7/2015,C,373
12/8/2015,C,373.5
12/9/2015,C,373.75
12/10/2015,C,379.25
12/11/2015,C,375.25
12/14/2015,C,379
12/15/2015,C,377.25
12/16/2015,C,369.75
12/17/2015,C,374.25
12/18/2015,C,374.5
12/21/2015,C,372
12/22/2015,C,366.25
12/23/2015,C,365.5
12/24/2015,C,364.5
12/28/2015,C,361
12/29/2015,C,362.5
12/30/2015,C,359
12/31/2015,C,358.75
1/4/2016,C,351.5
1/5/2016,C,353
1/6/2016,C,353.25
1/7/2016,C,353
1/8/2016,C,357
1/11/2016,C,351.75
1/12/2016,C,356.75
1/13/2016,C,358
1/14/2016,C,358
1/15/2016,C,363.25
1/19/2016,C,367.75
1/20/2016,C,368.75
1/21/2016,C,367
1/22/2016,C,370.25
1/25/2016,C,369.75
1/26/2016,C,369.25
1/27/2016,C,369.25
1/28/2016,C,365.5
1/29/2016,C,372
2/1/2016,C,371.25
2/2/2016,C,377.5
2/3/2016,C,376
2/4/2016,C,373.5
2/5/2016,C,370.75
2/8/2016,C,367
2/9/2016,C,366
2/10/2016,C,365.25
2/11/2016,C,365
2/12/2016,C,363.5
2/16/2016,C,367.75
2/17/2016,C,371.5
2/18/2016,C,369.75
2/19/2016,C,369.25
2/22/2016,C,372.25
2/23/2016,C,366.75
2/24/2016,C,364.5
2/25/2016,C,360.5
2/26/2016,C,359.5
2/29/2016,C,357
3/1/2016,C,355.75
3/2/2016,C,356.25
3/3/2016,C,356.5
3/4/2016,C,358.25
3/7/2016,C,359
3/8/2016,C,360.5
3/9/2016,C,359.5
3/10/2016,C,362.75
3/11/2016,C,365
3/14/2016,C,368.75
3/15/2016,C,368.5
3/16/2016,C,368.25
3/17/2016,C,368.5
3/18/2016,C,367
3/21/2016,C,369.5
3/22/2016,C,370
3/23/2016,C,368.5
3/24/2016,C,370
3/28/2016,C,370.5
3/29/2016,C,373
3/30/2016,C,367
3/31/2016,C,351.5
4/1/2016,C,354
4/4/2016,C,357.75
4/5/2016,C,360
4/6/2016,C,360.75
4/7/2016,C,364
4/8/2016,C,365
4/11/2016,C,359.75
4/12/2016,C,365.5
4/13/2016,C,377
4/14/2016,C,378
4/15/2016,C,382
4/18/2016,C,385
4/19/2016,C,389.5
4/20/2016,C,399.75
4/21/2016,C,389.75
4/22/2016,C,375.5
4/25/2016,C,381.75
4/26/2016,C,387.25
4/27/2016,C,384.75
4/28/2016,C,391.25
4/29/2016,C,391.75
5/2/2016,C,391.75
5/3/2016,C,379.75
5/4/2016,C,376.75
5/5/2016,C,373.75
5/6/2016,C,377.5
5/9/2016,C,369
5/10/2016,C,381
5/11/2016,C,377.5
5/12/2016,C,389
5/13/2016,C,390.75
5/16/2016,C,394
5/17/2016,C,397
5/18/2016,C,399.5
5/19/2016,C,390
5/20/2016,C,394.5
5/23/2016,C,397.75
5/24/2016,C,397.5
5/25/2016,C,404.75
5/26/2016,C,408.25
5/27/2016,C,412.75
5/31/2016,C,404.75
6/1/2016,C,413.75
6/2/2016,C,415.75
6/3/2016,C,419.75
6/6/2016,C,429
6/7/2016,C,430.5
6/8/2016,C,434.75
6/9/2016,C,430.5
6/10/2016,C,427.5
6/13/2016,C,435.5
6/14/2016,C,441.75
6/15/2016,C,434
6/16/2016,C,430.5
6/17/2016,C,442.75
6/20/2016,C,426.75
6/21/2016,C,402.25
6/22/2016,C,398.25
6/23/2016,C,392.5
6/24/2016,C,389
6/27/2016,C,389.25
6/28/2016,C,388.75
6/29/2016,C,377.75
6/30/2016,C,365.5
7/1/2016,C,360
7/5/2016,C,350.75
7/6/2016,C,341.5
7/7/2016,C,341.75
7/8/2016,C,355
7/11/2016,C,348.25
7/12/2016,C,352.25
7/13/2016,C,362
7/14/2016,C,357.75
7/15/2016,C,352.25
7/18/2016,C,357
7/19/2016,C,341.75
7/20/2016,C,337.5
7/21/2016,C,334.25
7/22/2016,C,335
7/25/2016,C,334.75
7/26/2016,C,332.5
7/27/2016,C,335.75
7/28/2016,C,331.25
7/29/2016,C,334.5
8/1/2016,C,325.75
8/2/2016,C,334
8/3/2016,C,335
8/4/2016,C,331
8/5/2016,C,334.25
8/8/2016,C,334.75
8/9/2016,C,332.5
8/10/2016,C,333
8/11/2016,C,331.75
8/12/2016,C,333
8/15/2016,C,337
8/16/2016,C,337.25
8/17/2016,C,339.75
8/18/2016,C,342
8/19/2016,C,343.75
8/22/2016,C,342.5
8/23/2016,C,337.25
8/24/2016,C,336.25
8/25/2016,C,332
8/26/2016,C,325
8/29/2016,C,320.75
8/30/2016,C,315.75
8/31/2016,C,315.5
9/1/2016,C,323.75
9/2/2016,C,328.5
9/6/2016,C,328.5
9/7/2016,C,333.25
9/8/2016,C,338.5
9/9/2016,C,341
9/12/2016,C,339.5
9/13/2016,C,330
9/14/2016,C,331.75
9/15/2016,C,330
9/16/2016,C,337
9/19/2016,C,337.25
9/20/2016,C,340.5
9/21/2016,C,340
9/22/2016,C,336.75
9/23/2016,C,336.5
9/26/2016,C,329
9/27/2016,C,331.75
9/28/2016,C,329.25
9/29/2016,C,329.25
9/30/2016,C,336.75
10/3/2016,C,346
10/4/2016,C,348.25
10/5/2016,C,347.75
10/6/2016,C,340.5
10/7/2016,C,339.75
10/10/2016,C,343.25
10/11/2016,C,345.5
10/12/2016,C,337
10/13/2016,C,349.5
10/14/2016,C,354.25
10/17/2016,C,354
10/18/2016,C,353.75
10/19/2016,C,357.5
10/20/2016,C,351
10/21/2016,C,352.5
10/24/2016,C,348.25
10/25/2016,C,349.25
10/26/2016,C,354
10/27/2016,C,357.5
10/28/2016,C,355
10/31/2016,C,354.75
11/1/2016,C,349
11/2/2016,C,355.5
11/3/2016,C,357
11/4/2016,C,357.5
11/7/2016,C,355.25
11/8/2016,C,362.75
11/9/2016,C,349.75
11/10/2016,C,352
11/11/2016,C,349
11/14/2016,C,345.25
11/15/2016,C,349.25
11/16/2016,C,346.5
11/17/2016,C,349.75
11/18/2016,C,353.5
11/21/2016,C,357.75
11/22/2016,C,359
11/23/2016,C,359.25
11/25/2016,C,358.25
11/28/2016,C,358.25
11/29/2016,C,349
11/30/2016,C,348.5
12/1/2016,C,342.5
12/2/2016,C,347.25
12/5/2016,C,359.25
12/6/2016,C,360.5
12/7/2016,C,358
12/8/2016,C,353.5
12/9/2016,C,359.5
12/12/2016,C,360.5
12/13/2016,C,361
12/14/2016,C,362
12/15/2016,C,356.5
12/16/2016,C,356.25
12/19/2016,C,353.25
12/20/2016,C,350.25
12/21/2016,C,347.25
12/22/2016,C,347.25
12/23/2016,C,345.75
12/27/2016,C,355
12/28/2016,C,348.25
12/29/2016,C,349.75
12/30/2016,C,352
1/3/2017,C,355.75
1/4/2017,C,359.75
1/5/2017,C,361.25
1/6/2017,C,358
1/9/2017,C,360
1/10/2017,C,358.25
1/11/2017,C,357.25
1/12/2017,C,358.25
1/13/2017,C,358.5
1/17/2017,C,365.5
1/18/2017,C,365
1/19/2017,C,366.25
1/20/2017,C,369.75
1/23/2017,C,369.5
1/24/2017,C,363.25
1/25/2017,C,366.25
1/26/2017,C,363.75
1/27/2017,C,362.5
1/30/2017,C,357.75
1/31/2017,C,359.75
2/1/2017,C,368.25
2/2/2017,C,375
2/3/2017,C,372.75
2/6/2017,C,371.25
2/7/2017,C,376
2/8/2017,C,378.5
2/9/2017,C,377.25
2/10/2017,C,382
2/13/2017,C,382.75
2/14/2017,C,381.75
2/15/2017,C,386
2/16/2017,C,381
2/17/2017,C,375.5
2/21/2017,C,376.5
2/22/2017,C,378.25
2/23/2017,C,372.5
2/24/2017,C,370.75
2/27/2017,C,368.25
2/28/2017,C,373.75
3/1/2017,C,382
3/2/2017,C,379.5
3/3/2017,C,380.75
3/6/2017,C,378.5
3/7/2017,C,376
3/8/2017,C,372.25
3/9/2017,C,367
3/10/2017,C,364.25
3/13/2017,C,361
3/14/2017,C,362.25
3/15/2017,C,363.5
3/16/2017,C,366
3/17/2017,C,367.5
3/20/2017,C,363.5
3/21/2017,C,361.25
3/22/2017,C,358.75
3/23/2017,C,356.75
3/24/2017,C,356.25
3/27/2017,C,355.75
3/28/2017,C,357.75
3/29/2017,C,358.5
3/30/2017,C,357.5
3/31/2017,C,364.25
4/3/2017,C,367.75
4/4/2017,C,370.75
4/5/2017,C,372.5
4/6/2017,C,368.5
4/7/2017,C,367.25
4/10/2017,C,374.5
4/11/2017,C,373.75
4/12/2017,C,376
4/13/2017,C,378
4/17/2017,C,373.25
4/18/2017,C,368.25
4/19/2017,C,368.25
4/20/2017,C,364.25
4/21/2017,C,363.75
4/24/2017,C,365.5
4/25/2017,C,371.75
4/26/2017,C,366.75
4/27/2017,C,369.25
4/28/2017,C,366.5
5/1/2017,C,377.5
5/2/2017,C,372.25
5/3/2017,C,374.75
5/4/2017,C,366.5
5/5/2017,C,370.75
5/8/2017,C,366
5/9/2017,C,366.5
5/10/2017,C,373.75
5/11/2017,C,369.25
5/12/2017,C,371
5/15/2017,C,367.75
5/16/2017,C,367.75
5/17/2017,C,371.5
5/18/2017,C,366
5/19/2017,C,372.5
5/22/2017,C,375
5/23/2017,C,369.5
5/24/2017,C,371.25
5/25/2017,C,369.25
5/26/2017,C,374.25
5/30/2017,C,367
5/31/2017,C,372
6/1/2017,C,370.5
6/2/2017,C,380.75
6/5/2017,C,381.25
6/6/2017,C,385.5
6/7/2017,C,392.25
6/8/2017,C,393.5
6/9/2017,C,395.75
6/12/2017,C,385
6/13/2017,C,388.5
6/14/2017,C,385
6/15/2017,C,387.5
6/16/2017,C,392
6/19/2017,C,383.25
6/20/2017,C,378
6/21/2017,C,376.75
6/22/2017,C,370.75
6/23/2017,C,365.5
6/26/2017,C,367.25
6/27/2017,C,367.75
6/28/2017,C,366.25
6/29/2017,C,369.5
6/30/2017,C,381
